[
    {
        "date": "Dined on November 8, 2024",
        "content": "We were the first guests in the restaurant and from the start, it felt very slow. Took a long time to get the salads out prior to the entree. The steaks were over cooked and dry. And honestly for the price this “steakhouse” charges - it wasn’t worth it. Very disappointed.",
        "rating": "2",
        "restaurant": "Baron's Steakhouse + Bar Restaurant - Garden City, KS | OpenTable"
    },
    {
        "date": "Dined on November 3, 2024",
        "content": "The Chardonnay Chicken and Pesto Chicken were excellent and the portions are generous. My husband liked his ribeye too. Atmosphere is nice although it is in a hotel near the pool so you can smell the pool in certain areas. The restaurant side is pricey, especially for not being in a large city, but the food is worth the splurge for a special occasion, in my opinion. Service was not great the first time we went, but the second time it was perfect. I would recommend, and we will return.",
        "rating": "5",
        "restaurant": "Baron's Steakhouse + Bar Restaurant - Garden City, KS | OpenTable"
    },
    {
        "date": "Dined on October 23, 2024",
        "content": "We had a very nice dinner. The ambiance added to the experience. Portions were large and the food was very good! We will be back.",
        "rating": "5",
        "restaurant": "Baron's Steakhouse + Bar Restaurant - Garden City, KS | OpenTable"
    },
    {
        "date": "Dined on October 6, 2024",
        "content": "Chose to try Barons and made a reservation for 815 pm. They called at 8:10 pm to let us know they were out of steaks, and most everything. They said they could only do burgers and pasta or salad. Pretty disappointing phone call to get as we were arriving. Since we had just arrived in the parking lot when they called and we'd just driven 5 hours from Wichita plus being a Saturday night we knew getting into another steakhouse would be difficult so we decided to go in and just see what they did have.\n\nTurns out there's a fine dining side and a sports bar side. After the host apologized he compared this to Popeyes running out of chicken lol. A steakhouse running out of steak on a Saturday night at 8 pm seems crazy. We found out they did have some steak just none of the big steaks like porterhouse, filets, etc.\n\nWe settled on Salmon & Chicken fried steak plus the candy bacon appetizer.. They would not allow any substitutions on your side's and force you to buy an additional side if you want something different. My salmon meal was already pricey at $35 so I chose to forgo the baked potato I wanted sadly. It came with rice pilaf and asparagus. I was pleasantly surprised the asparagus was cooked really well. It's sad though that it was the highlight of our meal. The chicken fried steak came with asparagus and mashed potatoes. We also shared a house salad.\n\nWhile the food was cooked perfectly it certainly was bland. I'd really suggest they look into using some salt, pepper, and garlic at a minimum in the future...maybe some accent for flavor? The candied bacon was an impressive show and delivery, tasted really good, but was like eating beef jerky. It was probably the 2nd highlight of the meal of the night but was very hard to eat.\n\nService was decent, servers were nice and attentive.\nIn the end, our bill was just over $106 with a $20 tip added on top. Was it worth it for the money? For me, no definitely not worth it.",
        "rating": "3",
        "restaurant": "Baron's Steakhouse + Bar Restaurant - Garden City, KS | OpenTable"
    },
    {
        "date": "Dined on July 20, 2024",
        "content": "Well cooked steak but lacking seasoning and flavor. Inattentive service. Cheesy music playing in the dining room that sounds like you’re on hold on the phone. The macaroni and cheese was made with nacho cheese and lacked flavor. Very overpriced with prices similar to elite steakhouses in bigger cities which this was not. Highlight was “the well” bacon appetizer which is prepared table side.",
        "rating": "2",
        "restaurant": "Baron's Steakhouse + Bar Restaurant - Garden City, KS | OpenTable"
    },
    {
        "date": "Dined on July 17, 2024",
        "content": "Daisy is an excellent server, great food. Gem in small town.",
        "rating": "5",
        "restaurant": "Baron's Steakhouse + Bar Restaurant - Garden City, KS | OpenTable"
    },
    {
        "date": "Dined on February 11, 2024",
        "content": "My only criticism is pancakes have no flavor..they need some jazz. Other than that food is exceptional",
        "rating": "5",
        "restaurant": "Baron's Steakhouse + Bar Restaurant - Garden City, KS | OpenTable"
    },
    {
        "date": "Dined on August 13, 2023",
        "content": "Reservation is not a must but advised..service was class act and food speaks for itself. I have tried several things and I have not been disappointed in anything .it is a little pricey but well worth it. Everything is homeade",
        "rating": "5",
        "restaurant": "Baron's Steakhouse + Bar Restaurant - Garden City, KS | OpenTable"
    },
    {
        "date": "Dined on December 27, 2022",
        "content": "The waiter/waiters were very accommodating. They served well, were polite, asked for what we needed/or if we’re okay with what we ordered. They got all our orders right.",
        "rating": "4",
        "restaurant": "Baron's Steakhouse + Bar Restaurant - Garden City, KS | OpenTable"
    },
    {
        "date": "Dined on May 8, 2022",
        "content": "Made a reservation for Baron's but was seated in the bar. We couldn't order what we wanted because of where we we're seated. (Salmon, porter house steaks ect.)  Asked to be moved but was told sorry. We all we're not happy  about our  meals , I ordered kabob which was tough couldn't get vegies or potato (ff) with it . Was told only rice , I can't eat rice was again told (SORRY, that's the way it comes. ) What ever happened to customer satisfaction?!!!!!",
        "rating": "1",
        "restaurant": "Baron's Steakhouse + Bar Restaurant - Garden City, KS | OpenTable"
    },
    {
        "date": "Dined on February 13, 2022",
        "content": "Nice place  great menu. Decor is nice. \nFood is very good , nice wine list For western Kansas. Servers are good but could use better training in the art of service for this type of restaurant. It is understaffed at this time three servers and one bartender for a pretty big restaurant",
        "rating": "3",
        "restaurant": "Baron's Steakhouse + Bar Restaurant - Garden City, KS | OpenTable"
    },
    {
        "date": "Dined on January 1, 2022",
        "content": "Price fix menu was not so great.   Steaks a little overcooked.  More expensive than Barron's usually is.",
        "rating": "3",
        "restaurant": "Baron's Steakhouse + Bar Restaurant - Garden City, KS | OpenTable"
    },
    {
        "date": "Dined on December 22, 2021",
        "content": "My steak was cooked perfectly medium rare. The waitress was so kind. Made my first time in Garden City a lovely experience.",
        "rating": "5",
        "restaurant": "Baron's Steakhouse + Bar Restaurant - Garden City, KS | OpenTable"
    },
    {
        "date": "Dined on September 26, 2021",
        "content": "Daisy was great!  Food was good.  Wine was ok.   It's a little pricey I think for the value",
        "rating": "5",
        "restaurant": "Baron's Steakhouse + Bar Restaurant - Garden City, KS | OpenTable"
    },
    {
        "date": "Dined on September 11, 2021",
        "content": "Great dinner! Server was polite, knowledgeable and helpful. Food was excellent.",
        "rating": "5",
        "restaurant": "Baron's Steakhouse + Bar Restaurant - Garden City, KS | OpenTable"
    },
    {
        "date": "Dined on June 27, 2021",
        "content": "Very good. My husband and I went for a date nigh, we enjoy the food and place.",
        "rating": "5",
        "restaurant": "Baron's Steakhouse + Bar Restaurant - Garden City, KS | OpenTable"
    },
    {
        "date": "Dined on April 4, 2021",
        "content": "Although clearly they did not have enough staff on a holiday everything was really tasty.    Get the bacon clothesline.",
        "rating": "4",
        "restaurant": "Baron's Steakhouse + Bar Restaurant - Garden City, KS | OpenTable"
    },
    {
        "date": "Dined on March 28, 2021",
        "content": "Service was awful. They servers didn't care. Food was great! Drinks were mediocre.",
        "rating": "1",
        "restaurant": "Baron's Steakhouse + Bar Restaurant - Garden City, KS | OpenTable"
    },
    {
        "date": "Dined on March 25, 2021",
        "content": "Pretty solid steak and food.",
        "rating": "4",
        "restaurant": "Baron's Steakhouse + Bar Restaurant - Garden City, KS | OpenTable"
    },
    {
        "date": "Dined on March 9, 2021",
        "content": "Tad pricey for what you get. Food was good but not $45 per plate good.\nService was slow in any beverages.\nTorching bacon at others tables really stunk. It’s propane, stinky.",
        "rating": "2",
        "restaurant": "Baron's Steakhouse + Bar Restaurant - Garden City, KS | OpenTable"
    },
    {
        "date": "Dined on January 23, 2021",
        "content": "Great service and an excellent meal. We will be back soon!",
        "rating": "5",
        "restaurant": "Baron's Steakhouse + Bar Restaurant - Garden City, KS | OpenTable"
    },
    {
        "date": "Dined on December 20, 2020",
        "content": "Did not get what we ordered. Cost too much for poor quality food.",
        "rating": "1",
        "restaurant": "Baron's Steakhouse + Bar Restaurant - Garden City, KS | OpenTable"
    },
    {
        "date": "Dined on September 27, 2020",
        "content": "Absolutely perfect evening! Server, Shay, and manager, Dustin, made sure to get us the table we wanted on the rooftop on a quiet evening and delivered roses as requested right on time. We had a couple of appetizers and meals, which were all on par along with the service. Keep up the great work! #SeeYouAgainSoon! :)",
        "rating": "5",
        "restaurant": "Baron's Steakhouse + Bar Restaurant - Garden City, KS | OpenTable"
    },
    {
        "date": "Dined on August 23, 2020",
        "content": "We and our friends greatly enjoyed Barron’s. We will be back.",
        "rating": "5",
        "restaurant": "Baron's Steakhouse + Bar Restaurant - Garden City, KS | OpenTable"
    },
    {
        "date": "Dined on July 19, 2020",
        "content": "We were so happy to be with our friends for breakfast. You all have done a nice job remodeling and restructuring. We will be back!",
        "rating": "4",
        "restaurant": "Baron's Steakhouse + Bar Restaurant - Garden City, KS | OpenTable"
    },
    {
        "date": "Dined on January 7, 2020",
        "content": "Very good service from Meribel!",
        "rating": "5",
        "restaurant": "Baron's Steakhouse + Bar Restaurant - Garden City, KS | OpenTable"
    },
    {
        "date": "Dined on August 25, 2019",
        "content": "I came here with family and friends to celebrate my engagement.  We arrived at 7, our table wasn’t set up despite a reservation, there was no salad or spoons at the salad bar, and people had to wait until it was refilled/spoons were brought out. I ordered a filet minon, asked for it very pink, got it over medium, and got a new steak 25 minutes later when my whole dinner party was finished eating. No comps offered.",
        "rating": "1",
        "restaurant": "Baron's Steakhouse + Bar Restaurant - Garden City, KS | OpenTable"
    },
    {
        "date": "Dined on August 15, 2019",
        "content": "I loved the fact that the online reservation worked; however, when I asked for a \"quiet\" space for our group, we were instead placed in the lounge area with too much noise for our old ears to be able to hear one another.  It was okay, just could have been better.  I probably didn't make myself clear, but I wish the  hostess had inquired more directly.",
        "rating": "4",
        "restaurant": "Baron's Steakhouse + Bar Restaurant - Garden City, KS | OpenTable"
    },
    {
        "date": "Dined on August 10, 2019",
        "content": "The steak was AMAZING and the service was great",
        "rating": "4",
        "restaurant": "Baron's Steakhouse + Bar Restaurant - Garden City, KS | OpenTable"
    },
    {
        "date": "Dined on July 21, 2019",
        "content": "My fillet was great and so were the green beans and sweet potato.",
        "rating": "4",
        "restaurant": "Baron's Steakhouse + Bar Restaurant - Garden City, KS | OpenTable"
    },
    {
        "date": "Dined on July 16, 2019",
        "content": "Great atmosphere  and great food! But  I have had better service before.",
        "rating": "5",
        "restaurant": "Baron's Steakhouse + Bar Restaurant - Garden City, KS | OpenTable"
    },
    {
        "date": "Dined on June 29, 2019",
        "content": "Was really disappointed in the quality of food considering the price.  Atmosphere was mostly a happy hour crowd looking for free wings...\n\nI’m sorry, but we won’t be back.",
        "rating": "2",
        "restaurant": "Baron's Steakhouse + Bar Restaurant - Garden City, KS | OpenTable"
    },
    {
        "date": "Dined on May 4, 2019",
        "content": "We have always enjoyed the atmosphere and service at Samy’s Spirits & Steakhouse!\nThey never let you down!!",
        "rating": "5",
        "restaurant": "Baron's Steakhouse + Bar Restaurant - Garden City, KS | OpenTable"
    },
    {
        "date": "Dined on April 21, 2019",
        "content": "We look forward to these events. Sammy’s wait staff is 2nd to none. Fast, Friendly service and a sincere desire to give their guest the best possible dining experience. We applaud you!!!",
        "rating": "5",
        "restaurant": "Baron's Steakhouse + Bar Restaurant - Garden City, KS | OpenTable"
    },
    {
        "date": "Dined on April 21, 2019",
        "content": "It is a really nice place to have dinner, food was really good.",
        "rating": "5",
        "restaurant": "Baron's Steakhouse + Bar Restaurant - Garden City, KS | OpenTable"
    },
    {
        "date": "Dined on February 16, 2019",
        "content": "The ribeye steak the best!  Also, the blackened tilapia is great!",
        "rating": "5",
        "restaurant": "Baron's Steakhouse + Bar Restaurant - Garden City, KS | OpenTable"
    },
    {
        "date": "Dined on February 15, 2019",
        "content": "Our server (I think Kelsey) seemed so focused on being fake-sweet that she forgot serving was her job. She didn’t notice that ours was the only table without a flower (ambiance), champagne was an afterthought and the glasses were very sticky. Our table was cleared and we waited 20 mins before asking her for the check. Not offered dessert. While we appreciated that she wasn’t grumpy, her sickening-sweet demeanor made us cringe. The food was amazing!!",
        "rating": "3",
        "restaurant": "Baron's Steakhouse + Bar Restaurant - Garden City, KS | OpenTable"
    },
    {
        "date": "Dined on October 20, 2018",
        "content": "This is a very clean  restaurant with great food.  The waitress needs more training, she did not follow up on us at all after bringing our food.  We had to get her attention tonorde because she was visiting with a co working.  Also, we made reservations through open table at 5pm for a table at 8pm.  They never reserved our reservations because they said their reservations office goes home at 4pm.  Does no good to reserve through open table.  They just happened to have a open seat for 2.",
        "rating": "4",
        "restaurant": "Baron's Steakhouse + Bar Restaurant - Garden City, KS | OpenTable"
    }
]